﻿<?xml version="1.0" encoding="utf-8" ?>
<Expenses>
	<Persons>
		<Person Name="Mike" Department="Legal">
			<Expense ExpenseType="Lunch" ExpenseAmount="50" />
			<Expense ExpenseType="Transportation" ExpenseAmount="50" />
		</Person>
		<Person Name="Lisa" Department="Marketing">
			<Expense ExpenseType="Document printing" ExpenseAmount="50"/>
			<Expense ExpenseType="Gift" ExpenseAmount="125" />
		</Person>
		<Person Name="John" Department="Engineering">
			<Expense ExpenseType="Magazine subscription" ExpenseAmount="50"/>
			<Expense ExpenseType="New machine" ExpenseAmount="600" />
			<Expense ExpenseType="Software" ExpenseAmount="500" />
		</Person>
		<Person Name="Mary" Department="Finance">
			<Expense ExpenseType="Dinner" ExpenseAmount="100" />
		</Person>
	</Persons>
</Expenses>
 
